column,group,filled_2021,filled_2022,filled_2023,filled_2024,unique_2021,unique_2022,unique_2023,unique_2024,status_missing,constant_in_each_year,constant_value_all_years
TE,service,1.0,1.0,1.0,1.0,17,20,20,20,заполнен все годы,False,
K,service,1.0,1.0,1.0,1.0,2,2,2,2,заполнен все годы,False,
d008__KOL_CHL,d008,1.0,1.0,1.0,1.0,13,13,14,12,заполнен все годы,False,
NOMP,service,1.0,1.0,1.0,1.0,13,13,14,12,заполнен все годы,False,
d008__RODSTVO,d008,1.0,1.0,1.0,1.0,9,9,9,9,заполнен все годы,False,
d008__POL,d008,1.0,1.0,1.0,1.0,2,2,2,2,заполнен все годы,False,
d008__ROST,d008,1.0,1.0,1.0,1.0,153,155,155,157,заполнен все годы,False,
d008__SEM_POL,d008,0.7013,0.6894,0.681,0.6838,4,4,4,4,заполнен все годы,False,
d008__UROV,d008,0.981,0.9803,0.9821,0.9836,7,7,7,7,заполнен все годы,False,
d008__VR_OTS,d008,0.0037,0.0071,0.006,0.0076,4,4,3,4,заполнен все годы,False,
d008__IZM_SOST,d008,1.0,1.0,1.0,1.0,2,2,2,2,заполнен все годы,False,
d008__PR_IZA,d008,0.0141,0.0146,0.0106,0.0144,17,16,11,11,заполнен все годы,False,
d008__PR_IZI,d008,0.0239,0.0223,0.0224,0.0231,14,13,14,14,заполнен все годы,False,
d008__PR_IZO,d008,0.0429,0.0357,0.0379,0.036,16,15,14,16,заполнен все годы,False,
d008__PR_IZYA,d008,0.0521,0.0445,0.0283,0.0431,16,15,6,13,заполнен все годы,False,
d008__STATUS,d008,0.6664,0.6539,0.6914,0.6957,8,8,8,10,заполнен все годы,False,
d008__STATUSF,d008,0.0436,0.0518,0.0439,0.0321,1,1,1,1,заполнен все годы,True,11.0
d008__IZM_STATUS,d008,1.0,1.0,1.0,1.0,2,2,2,2,заполнен все годы,False,
d008__STATUS1,d008,0.7152,0.7038,0.6967,0.7006,8,8,8,10,заполнен все годы,False,
d008__STATUSF1,d008,0.051,0.0584,0.0457,0.0324,1,1,1,1,заполнен все годы,True,11.0
d008__STATUS2,d008,0.7121,0.7,0.6954,0.6983,8,8,8,8,заполнен все годы,False,
d008__STATUSF2,d008,0.0512,0.0585,0.0462,0.0339,1,1,1,1,заполнен все годы,True,11.0
d008__STATUS3,d008,0.7032,0.6981,0.6934,0.6971,8,8,8,8,заполнен все годы,False,
d008__STATUSF3,d008,0.0503,0.0566,0.0324,0.0342,1,1,1,1,заполнен все годы,True,11.0
d008__STATUS4,d008,0.7,0.6997,0.0,0.7,8,8,0,8,пуст в годах: 2023,False,
d008__STATUSF4,d008,0.0487,0.0489,0.0,0.033,1,2,0,1,пуст в годах: 2023,False,
d008__ZT,d008,0.0,0.0,0.0,0.0,0,0,0,0,полностью пуст (все годы),False,
GOD,service,1.0,1.0,1.0,1.0,1,1,1,1,заполнен все годы,True,
NOMER_x,service,1.0,1.0,1.0,1.0,12000,12000,12000,12000,заполнен все годы,False,
d008__GOD_ROJD,d008,0.0,1.0,1.0,1.0,0,95,97,98,пуст в годах: 2021,False,
d008__MES_ROJD,d008,0.0,1.0,1.0,1.0,0,12,12,12,пуст в годах: 2021,False,
d008__FIZ,d008,0.0,0.0,0.0,0.9662,0,0,0,4,"пуст в годах: 2021,2022,2023",False,
d008__FIZM,d008,0.0,0.0,0.0,0.1564,0,0,0,3,"пуст в годах: 2021,2022,2023",False,
d008__FIZCH,d008,0.0,0.0,0.0,0.1577,0,0,0,8,"пуст в годах: 2021,2022,2023",False,
d008__FIZMIN,d008,0.0,0.0,0.0,1.0,0,0,0,26,"пуст в годах: 2021,2022,2023",False,
YEAR,service,1.0,1.0,1.0,1.0,1,1,1,1,заполнен все годы,True,
HOUSEHOLD_ID,service,1.0,1.0,1.0,1.0,12000,12000,12000,12000,заполнен все годы,False,
GODO_x,service,0.2855,0.2796,0.28,0.2853,1,1,1,1,заполнен все годы,True,
d002_subject__POL,d002_subject,0.2855,0.2796,0.28,0.2853,2,2,2,2,заполнен все годы,False,
d002_subject__VOZ,d002_subject,0.2855,0.2796,0.28,0.2853,82,97,96,98,заполнен все годы,False,
d002_subject__GR1,d002_subject,0.2855,0.2796,0.28,0.2853,11,11,11,10,заполнен все годы,False,
d002_subject__GR2,d002_subject,0.2855,0.2796,0.28,0.2853,11,11,11,11,заполнен все годы,False,
d002_subject__GR3,d002_subject,0.2855,0.2796,0.28,0.2853,11,11,11,11,заполнен все годы,False,
d002_subject__GR4,d002_subject,0.2855,0.2796,0.28,0.2853,11,11,11,10,заполнен все годы,False,
d002_subject__GR5,d002_subject,0.2855,0.2796,0.28,0.2853,11,11,11,11,заполнен все годы,False,
d002_subject__GR6,d002_subject,0.2855,0.0,0.0,0.0,11,0,0,0,"пуст в годах: 2022,2023,2024",False,
d002_subject__GR7,d002_subject,0.2855,0.2796,0.28,0.2853,11,11,11,11,заполнен все годы,False,
d002_subject__GR81,d002_subject,0.2855,0.0,0.0,0.0,11,0,0,0,"пуст в годах: 2022,2023,2024",False,
d002_subject__GR82,d002_subject,0.2855,0.0,0.0,0.0,11,0,0,0,"пуст в годах: 2022,2023,2024",False,
d002_subject__GR83,d002_subject,0.2855,0.0,0.0,0.0,11,0,0,0,"пуст в годах: 2022,2023,2024",False,
d002_subject__GR84,d002_subject,0.2855,0.0,0.0,0.0,11,0,0,0,"пуст в годах: 2022,2023,2024",False,
d002_subject__GR85,d002_subject,0.2855,0.0,0.0,0.0,11,0,0,0,"пуст в годах: 2022,2023,2024",False,
d002_subject__GR86,d002_subject,0.2855,0.0,0.0,0.0,11,0,0,0,"пуст в годах: 2022,2023,2024",False,
d002_subject__GR9,d002_subject,0.2855,0.2796,0.0,0.0,11,11,0,0,"пуст в годах: 2023,2024",False,
d002_subject__GR101,d002_subject,0.2855,0.2796,0.0,0.0,11,11,0,0,"пуст в годах: 2023,2024",False,
d002_subject__GR102,d002_subject,0.2855,0.2796,0.0,0.0,11,11,0,0,"пуст в годах: 2023,2024",False,
d002_subject__GR103,d002_subject,0.2855,0.2796,0.0,0.0,11,11,0,0,"пуст в годах: 2023,2024",False,
d002_subject__GR11,d002_subject,0.2855,0.2796,0.28,0.2853,11,11,11,11,заполнен все годы,False,
d002_subject__GR12,d002_subject,0.2855,0.2796,0.28,0.2853,11,11,11,11,заполнен все годы,False,
d002_subject__GR13,d002_subject,0.2855,0.2796,0.28,0.2853,11,11,11,11,заполнен все годы,False,
d002_subject__GR14,d002_subject,0.2855,0.2796,0.0,0.0,11,11,0,0,"пуст в годах: 2023,2024",False,
d002_subject__GR151,d002_subject,0.2855,0.2796,0.0,0.0,11,11,0,0,"пуст в годах: 2023,2024",False,
d002_subject__GR152,d002_subject,0.2855,0.2796,0.0,0.0,11,11,0,0,"пуст в годах: 2023,2024",False,
d002_subject__GR153,d002_subject,0.2855,0.0,0.0,0.0,11,0,0,0,"пуст в годах: 2022,2023,2024",False,
d002_subject__GR161,d002_subject,0.2855,0.2796,0.0,0.0,11,11,0,0,"пуст в годах: 2023,2024",False,
d002_subject__GR162,d002_subject,0.2855,0.2796,0.0,0.0,11,11,0,0,"пуст в годах: 2023,2024",False,
d002_subject__GR163,d002_subject,0.2855,0.0,0.0,0.0,11,0,0,0,"пуст в годах: 2022,2023,2024",False,
d002_subject__GR171,d002_subject,0.2855,0.2796,0.0,0.0,11,11,0,0,"пуст в годах: 2023,2024",False,
d002_subject__GR172,d002_subject,0.2855,0.2796,0.0,0.0,11,11,0,0,"пуст в годах: 2023,2024",False,
d002_subject__GR173,d002_subject,0.2855,0.2796,0.0,0.0,11,11,0,0,"пуст в годах: 2023,2024",False,
d002_subject__GR174,d002_subject,0.2855,0.2796,0.0,0.0,11,11,0,0,"пуст в годах: 2023,2024",False,
d002_subject__GR181,d002_subject,0.2855,0.2796,0.0,0.0,11,11,0,0,"пуст в годах: 2023,2024",False,
d002_subject__GR182,d002_subject,0.2855,0.2796,0.0,0.0,11,11,0,0,"пуст в годах: 2023,2024",False,
d002_subject__GR183,d002_subject,0.2855,0.2796,0.0,0.0,11,11,0,0,"пуст в годах: 2023,2024",False,
d002_subject__GR184,d002_subject,0.2855,0.2796,0.0,0.0,11,11,0,0,"пуст в годах: 2023,2024",False,
d002_subject__GR191,d002_subject,0.2855,0.2796,0.0,0.0,11,11,0,0,"пуст в годах: 2023,2024",False,
d002_subject__GR192,d002_subject,0.2855,0.2796,0.0,0.0,11,11,0,0,"пуст в годах: 2023,2024",False,
d002_subject__GR193,d002_subject,0.2855,0.2796,0.0,0.0,11,11,0,0,"пуст в годах: 2023,2024",False,
d002_subject__GR194,d002_subject,0.2855,0.2796,0.0,0.0,11,11,0,0,"пуст в годах: 2023,2024",False,
d002_subject__GR195,d002_subject,0.2855,0.2796,0.0,0.0,11,11,0,0,"пуст в годах: 2023,2024",False,
d002_subject__GR196,d002_subject,0.2855,0.2796,0.0,0.0,11,11,0,0,"пуст в годах: 2023,2024",False,
d002_subject__GR201,d002_subject,0.2855,0.2796,0.0,0.0,11,11,0,0,"пуст в годах: 2023,2024",False,
d002_subject__GR202,d002_subject,0.2855,0.2796,0.0,0.0,11,11,0,0,"пуст в годах: 2023,2024",False,
d002_subject__GR21,d002_subject,0.2855,0.2796,0.28,0.2853,11,11,6,6,заполнен все годы,False,
d002_subject__GR22,d002_subject,0.2855,0.2796,0.0,0.0,11,11,0,0,"пуст в годах: 2023,2024",False,
d002_subject__GR61,d002_subject,0.0,0.2796,0.0,0.0,0,11,0,0,"пуст в годах: 2021,2023,2024",False,
d002_subject__GR62,d002_subject,0.0,0.2796,0.0,0.0,0,11,0,0,"пуст в годах: 2021,2023,2024",False,
d002_subject__GR63,d002_subject,0.0,0.2796,0.0,0.0,0,11,0,0,"пуст в годах: 2021,2023,2024",False,
d002_subject__GR8,d002_subject,0.0,0.2796,0.28,0.2853,0,11,11,11,пуст в годах: 2021,False,
d002_subject__ZT,d002_subject,0.0,0.2788,0.279,0.2845,0,6,5,5,пуст в годах: 2021,False,
d002_subject__GR6_1,d002_subject,0.0,0.0,0.28,0.2853,0,0,11,11,"пуст в годах: 2021,2022",False,
d002_subject__GR6_2,d002_subject,0.0,0.0,0.28,0.2853,0,0,11,11,"пуст в годах: 2021,2022",False,
d002_subject__GR6_3,d002_subject,0.0,0.0,0.28,0.2853,0,0,11,11,"пуст в годах: 2021,2022",False,
d002_subject__GR9_1,d002_subject,0.0,0.0,0.28,0.2853,0,0,11,11,"пуст в годах: 2021,2022",False,
d002_subject__GR9_2,d002_subject,0.0,0.0,0.28,0.2853,0,0,11,11,"пуст в годах: 2021,2022",False,
d002_subject__GR9_3,d002_subject,0.0,0.0,0.28,0.2853,0,0,11,11,"пуст в годах: 2021,2022",False,
d002_subject__GR10,d002_subject,0.0,0.0,0.28,0.2853,0,0,11,11,"пуст в годах: 2021,2022",False,
d002_subject__GR14_1,d002_subject,0.0,0.0,0.28,0.2853,0,0,11,11,"пуст в годах: 2021,2022",False,
d002_subject__GR14_2,d002_subject,0.0,0.0,0.28,0.2853,0,0,11,11,"пуст в годах: 2021,2022",False,
d002_subject__GR15_1,d002_subject,0.0,0.0,0.28,0.2853,0,0,11,11,"пуст в годах: 2021,2022",False,
d002_subject__GR15_2,d002_subject,0.0,0.0,0.28,0.2853,0,0,11,11,"пуст в годах: 2021,2022",False,
d002_subject__GR16_1,d002_subject,0.0,0.0,0.28,0.2853,0,0,11,11,"пуст в годах: 2021,2022",False,
d002_subject__GR16_2,d002_subject,0.0,0.0,0.28,0.2853,0,0,11,11,"пуст в годах: 2021,2022",False,
d002_subject__GR16_3,d002_subject,0.0,0.0,0.28,0.2853,0,0,11,11,"пуст в годах: 2021,2022",False,
d002_subject__GR16_4,d002_subject,0.0,0.0,0.28,0.2853,0,0,11,11,"пуст в годах: 2021,2022",False,
d002_subject__GR17_1,d002_subject,0.0,0.0,0.28,0.2853,0,0,11,11,"пуст в годах: 2021,2022",False,
d002_subject__GR17_2,d002_subject,0.0,0.0,0.28,0.2853,0,0,11,11,"пуст в годах: 2021,2022",False,
d002_subject__GR17_3,d002_subject,0.0,0.0,0.28,0.2853,0,0,11,11,"пуст в годах: 2021,2022",False,
d002_subject__GR17_4,d002_subject,0.0,0.0,0.28,0.2853,0,0,11,11,"пуст в годах: 2021,2022",False,
d002_subject__GR18_1,d002_subject,0.0,0.0,0.28,0.2853,0,0,11,11,"пуст в годах: 2021,2022",False,
d002_subject__GR18_2,d002_subject,0.0,0.0,0.28,0.2853,0,0,11,11,"пуст в годах: 2021,2022",False,
d002_subject__GR18_3,d002_subject,0.0,0.0,0.28,0.2853,0,0,11,11,"пуст в годах: 2021,2022",False,
d002_subject__GR18_4,d002_subject,0.0,0.0,0.28,0.2853,0,0,11,11,"пуст в годах: 2021,2022",False,
d002_subject__GR18_5,d002_subject,0.0,0.0,0.28,0.2853,0,0,11,11,"пуст в годах: 2021,2022",False,
d002_subject__GR18_6,d002_subject,0.0,0.0,0.28,0.2853,0,0,11,11,"пуст в годах: 2021,2022",False,
d002_subject__GR19,d002_subject,0.0,0.0,0.28,0.2853,0,0,11,11,"пуст в годах: 2021,2022",False,
d002_subject__GR22_1,d002_subject,0.0,0.0,0.0016,0.0003,0,0,1,1,"пуст в годах: 2021,2022",True,1.0
d002_subject__GR22_2,d002_subject,0.0,0.0,0.0013,0.0007,0,0,1,1,"пуст в годах: 2021,2022",True,1.0
d002_subject__GR22_3,d002_subject,0.0,0.0,0.0012,0.0002,0,0,1,1,"пуст в годах: 2021,2022",True,1.0
d002_subject__GR22_4,d002_subject,0.0,0.0,0.005,0.0014,0,0,1,1,"пуст в годах: 2021,2022",True,1.0
d002_subject__GR22_5,d002_subject,0.0,0.0,0.0023,0.0008,0,0,1,1,"пуст в годах: 2021,2022",True,1.0
d002_subject__GR22_6,d002_subject,0.0,0.0,0.0018,0.0005,0,0,1,1,"пуст в годах: 2021,2022",True,1.0
d002_subject__GR22_7,d002_subject,0.0,0.0,0.001,0.0003,0,0,1,1,"пуст в годах: 2021,2022",True,1.0
d002_subject__GR22_8,d002_subject,0.0,0.0,0.001,0.0003,0,0,1,1,"пуст в годах: 2021,2022",True,1.0
d002_subject__GR22_9,d002_subject,0.0,0.0,0.0004,0.0,0,0,1,1,"пуст в годах: 2021,2022",True,1.0
d002_subject__GR22_10,d002_subject,0.0,0.0,0.0017,0.0004,0,0,1,1,"пуст в годах: 2021,2022",True,1.0
d002_subject__GR22_11,d002_subject,0.0,0.0,0.0,0.0,0,0,0,0,полностью пуст (все годы),False,
d002_subject__GR22_12,d002_subject,0.0,0.0,0.0001,0.0,0,0,1,0,"пуст в годах: 2021,2022,2024",True,1.0
d002_subject__GR22_13,d002_subject,0.0,0.0,0.0004,0.0,0,0,1,0,"пуст в годах: 2021,2022,2024",True,1.0
d002_subject__GR22_14,d002_subject,0.0,0.0,0.0003,0.0003,0,0,1,1,"пуст в годах: 2021,2022",True,1.0
d002_subject__GR23,d002_subject,0.0,0.0,0.28,0.2853,0,0,3,3,"пуст в годах: 2021,2022",False,
d002_subject__GR24,d002_subject,0.0,0.0,0.28,0.2853,0,0,5,5,"пуст в годах: 2021,2022",False,
d002_subject__GR25,d002_subject,0.0,0.0,0.28,0.2853,0,0,6,6,"пуст в годах: 2021,2022",False,
d002_subject__GR26,d002_subject,0.0,0.0,0.28,0.2853,0,0,4,4,"пуст в годах: 2021,2022",False,
d002_subject__GR27,d002_subject,0.0,0.0,0.28,0.2853,0,0,4,4,"пуст в годах: 2021,2022",False,
d002_subject__GR28_1,d002_subject,0.0,0.0,0.0063,0.0043,0,0,1,1,"пуст в годах: 2021,2022",True,1.0
d002_subject__GR28_2,d002_subject,0.0,0.0,0.0035,0.0008,0,0,1,1,"пуст в годах: 2021,2022",True,1.0
d002_subject__GR28_3,d002_subject,0.0,0.0,0.0031,0.0005,0,0,1,1,"пуст в годах: 2021,2022",True,1.0
d002_subject__GR28_4,d002_subject,0.0,0.0,0.0026,0.0009,0,0,1,1,"пуст в годах: 2021,2022",True,1.0
d002_subject__GR28_5,d002_subject,0.0,0.0,0.0022,0.0007,0,0,1,1,"пуст в годах: 2021,2022",True,1.0
d002_subject__GR29,d002_subject,0.0,0.0,0.28,0.2853,0,0,4,4,"пуст в годах: 2021,2022",False,
d002_subject__GR210,d002_subject,0.0,0.0,0.28,0.2853,0,0,4,4,"пуст в годах: 2021,2022",False,
d002_subject__GR211,d002_subject,0.0,0.0,0.28,0.2853,0,0,4,4,"пуст в годах: 2021,2022",False,
d002_subject__GR212,d002_subject,0.0,0.0,0.28,0.2853,0,0,4,4,"пуст в годах: 2021,2022",False,
d002_subject__GR213,d002_subject,0.0,0.0,0.28,0.2853,0,0,4,4,"пуст в годах: 2021,2022",False,
d002_subject__GR214,d002_subject,0.0,0.0,0.28,0.2853,0,0,4,4,"пуст в годах: 2021,2022",False,
GODO_y,service,0.2855,0.2796,0.28,0.2853,1,1,1,1,заполнен все годы,True,
d002_ocenka__POL,d002_ocenka,0.2855,0.2796,0.28,0.2853,2,2,2,2,заполнен все годы,False,
d002_ocenka__VOZ,d002_ocenka,0.2855,0.2796,0.28,0.2853,81,97,96,98,заполнен все годы,False,
d002_ocenka__GR1,d002_ocenka,0.2855,0.2796,0.0,0.0,6,6,0,0,"пуст в годах: 2023,2024",False,
d002_ocenka__GR2,d002_ocenka,0.2855,0.2796,0.0,0.0,3,3,0,0,"пуст в годах: 2023,2024",False,
d002_ocenka__GR3,d002_ocenka,0.2855,0.2796,0.0,0.0,5,5,0,0,"пуст в годах: 2023,2024",False,
d002_ocenka__GR4,d002_ocenka,0.2855,0.2796,0.0,0.0,4,4,0,0,"пуст в годах: 2023,2024",False,
d002_ocenka__GR5,d002_ocenka,0.2855,0.2796,0.0,0.0,4,4,0,0,"пуст в годах: 2023,2024",False,
d002_ocenka__GR6,d002_ocenka,0.2855,0.2796,0.0,0.0,4,4,0,0,"пуст в годах: 2023,2024",False,
d002_ocenka__GR7,d002_ocenka,0.2855,0.2796,0.0,0.0,4,4,0,0,"пуст в годах: 2023,2024",False,
d002_ocenka__GR8,d002_ocenka,0.2855,0.2796,0.0,0.0,4,4,0,0,"пуст в годах: 2023,2024",False,
d002_ocenka__GR9,d002_ocenka,0.2855,0.2796,0.0,0.0,4,4,0,0,"пуст в годах: 2023,2024",False,
d002_ocenka__GR10,d002_ocenka,0.2855,0.2796,0.0,0.0,4,4,0,0,"пуст в годах: 2023,2024",False,
d002_ocenka__GR11,d002_ocenka,0.2855,0.2796,0.0,0.0,4,4,0,0,"пуст в годах: 2023,2024",False,
d002_ocenka__GR31_1,d002_ocenka,0.2855,0.2796,0.28,0.2853,4,4,4,4,заполнен все годы,False,
d002_ocenka__GR31_2,d002_ocenka,0.2855,0.2796,0.28,0.2853,4,4,4,4,заполнен все годы,False,
d002_ocenka__GR31_3,d002_ocenka,0.2855,0.2796,0.28,0.2853,4,4,4,4,заполнен все годы,False,
d002_ocenka__GR32,d002_ocenka,0.2855,0.2796,0.28,0.2853,4,2,2,2,заполнен все годы,False,
d002_ocenka__GR33,d002_ocenka,0.2855,0.2796,0.28,0.2853,3,3,3,3,заполнен все годы,False,
d002_ocenka__GR34,d002_ocenka,0.2855,0.2796,0.28,0.2853,3,2,2,2,заполнен все годы,False,
d002_ocenka__GR35,d002_ocenka,0.2855,0.2796,0.28,0.2853,3,2,2,2,заполнен все годы,False,
d002_ocenka__GR36,d002_ocenka,0.2855,0.2796,0.28,0.2853,3,2,2,2,заполнен все годы,False,
d002_ocenka__GR37,d002_ocenka,0.2855,0.2796,0.28,0.2853,3,3,3,3,заполнен все годы,False,
d002_ocenka__GR38,d002_ocenka,0.2855,0.2796,0.28,0.2853,3,2,2,2,заполнен все годы,False,
d002_ocenka__GR39,d002_ocenka,0.2855,0.2796,0.28,0.2853,3,3,3,3,заполнен все годы,False,
d002_ocenka__GR310,d002_ocenka,0.2855,0.2796,0.28,0.2853,3,3,3,3,заполнен все годы,False,
d002_ocenka__GR311,d002_ocenka,0.2855,0.2796,0.28,0.2853,3,3,3,3,заполнен все годы,False,
d002_ocenka__GR312,d002_ocenka,0.2855,0.2796,0.28,0.2853,2,3,3,3,заполнен все годы,False,
d002_ocenka__GR313,d002_ocenka,0.2407,0.2796,0.28,0.2853,2,2,2,2,заполнен все годы,False,
d002_ocenka__GR314,d002_ocenka,0.2855,0.248,0.2488,0.2533,2,2,2,2,заполнен все годы,False,
d002_ocenka__GR315,d002_ocenka,0.102,0.2796,0.28,0.2853,5,2,2,2,заполнен все годы,False,
d002_ocenka__GR316,d002_ocenka,0.2855,0.0,0.0,0.0,2,0,0,0,"пуст в годах: 2022,2023,2024",False,
d002_ocenka__GR317,d002_ocenka,0.0476,0.2796,0.28,0.2853,9,2,2,2,заполнен все годы,False,
d002_ocenka__GR318,d002_ocenka,0.2855,0.0,0.0,0.0,3,0,0,0,"пуст в годах: 2022,2023,2024",False,
d002_ocenka__GR319_1,d002_ocenka,0.0146,0.0,0.0,0.0,1,0,0,0,"пуст в годах: 2022,2023,2024",True,1.0
d002_ocenka__GR319_2,d002_ocenka,0.0036,0.0,0.0,0.0,1,0,0,0,"пуст в годах: 2022,2023,2024",True,1.0
d002_ocenka__GR319_3,d002_ocenka,0.0042,0.0,0.0,0.0,1,0,0,0,"пуст в годах: 2022,2023,2024",True,1.0
d002_ocenka__GR319_4,d002_ocenka,0.0044,0.0,0.0,0.0,1,0,0,0,"пуст в годах: 2022,2023,2024",True,1.0
d002_ocenka__GR319_5,d002_ocenka,0.0062,0.0,0.0,0.0,1,0,0,0,"пуст в годах: 2022,2023,2024",True,1.0
d002_ocenka__GR319_6,d002_ocenka,0.0086,0.0,0.0,0.0,1,0,0,0,"пуст в годах: 2022,2023,2024",True,1.0
d002_ocenka__GR319_7,d002_ocenka,0.0018,0.0,0.0,0.0,1,0,0,0,"пуст в годах: 2022,2023,2024",True,1.0
d002_ocenka__GR319_8,d002_ocenka,0.0011,0.0,0.0,0.0,1,0,0,0,"пуст в годах: 2022,2023,2024",True,1.0
d002_ocenka__GR319_9,d002_ocenka,0.0021,0.0,0.0,0.0,1,0,0,0,"пуст в годах: 2022,2023,2024",True,1.0
d002_ocenka__GR319_10,d002_ocenka,0.0014,0.0,0.0,0.0,1,0,0,0,"пуст в годах: 2022,2023,2024",True,1.0
d002_ocenka__GR31_4,d002_ocenka,0.0,0.2796,0.28,0.2853,0,4,4,4,пуст в годах: 2021,False,
d002_ocenka__GR316_1,d002_ocenka,0.0,0.002,0.005,0.0016,0,1,1,1,пуст в годах: 2021,True,1.0
d002_ocenka__GR316_2,d002_ocenka,0.0,0.0039,0.0056,0.0051,0,1,1,1,пуст в годах: 2021,True,1.0
d002_ocenka__GR316_3,d002_ocenka,0.0,0.0032,0.0023,0.0025,0,1,1,1,пуст в годах: 2021,True,1.0
d002_ocenka__GR316_4,d002_ocenka,0.0,0.0756,0.0575,0.0617,0,1,1,1,пуст в годах: 2021,True,1.0
d002_ocenka__GR316_5,d002_ocenka,0.0,0.0003,0.0004,0.0005,0,1,1,1,пуст в годах: 2021,True,1.0
d002_ocenka__GR316_6,d002_ocenka,0.0,0.0033,0.0017,0.0008,0,1,1,1,пуст в годах: 2021,True,1.0
d002_ocenka__GR318_1,d002_ocenka,0.0,0.0012,0.0022,0.0012,0,1,1,1,пуст в годах: 2021,True,1.0
d002_ocenka__GR318_2,d002_ocenka,0.0,0.0003,0.0008,0.0007,0,1,1,1,пуст в годах: 2021,True,1.0
d002_ocenka__GR318_3,d002_ocenka,0.0,0.0181,0.0206,0.0241,0,1,1,1,пуст в годах: 2021,True,1.0
d002_ocenka__GR318_4,d002_ocenka,0.0,0.0007,0.0009,0.0009,0,1,1,1,пуст в годах: 2021,True,1.0
d002_ocenka__GR318_5,d002_ocenka,0.0,0.0096,0.0095,0.0101,0,1,1,1,пуст в годах: 2021,True,1.0
d002_ocenka__GR318_6,d002_ocenka,0.0,0.0004,0.0004,0.0008,0,1,1,1,пуст в годах: 2021,True,1.0
d002_ocenka__GR318_7,d002_ocenka,0.0,0.0002,0.0002,0.0001,0,1,1,1,пуст в годах: 2021,True,1.0
d002_ocenka__GR318_8,d002_ocenka,0.0,0.0098,0.008,0.0074,0,1,1,1,пуст в годах: 2021,True,1.0
d002_ocenka__GR318_9,d002_ocenka,0.0,0.0014,0.001,0.001,0,1,1,1,пуст в годах: 2021,True,1.0
d002_ocenka__GR319,d002_ocenka,0.0,0.2796,0.28,0.2853,0,3,3,3,пуст в годах: 2021,False,
d002_ocenka__GR320_1,d002_ocenka,0.0,0.0121,0.0131,0.0147,0,1,1,1,пуст в годах: 2021,True,1.0
d002_ocenka__GR320_2,d002_ocenka,0.0,0.0041,0.0053,0.0064,0,1,1,1,пуст в годах: 2021,True,1.0
d002_ocenka__GR320_3,d002_ocenka,0.0,0.0049,0.0051,0.0044,0,1,1,1,пуст в годах: 2021,True,1.0
d002_ocenka__GR320_4,d002_ocenka,0.0,0.0056,0.0064,0.0061,0,1,1,1,пуст в годах: 2021,True,1.0
d002_ocenka__GR320_5,d002_ocenka,0.0,0.0073,0.0081,0.0078,0,1,1,1,пуст в годах: 2021,True,1.0
d002_ocenka__GR320_6,d002_ocenka,0.0,0.0087,0.008,0.0079,0,1,1,1,пуст в годах: 2021,True,1.0
d002_ocenka__GR320_7,d002_ocenka,0.0,0.0019,0.0006,0.0016,0,1,1,1,пуст в годах: 2021,True,1.0
d002_ocenka__GR320_8,d002_ocenka,0.0,0.001,0.0005,0.0009,0,1,1,1,пуст в годах: 2021,True,1.0
d002_ocenka__GR320_9,d002_ocenka,0.0,0.002,0.0024,0.0027,0,1,1,1,пуст в годах: 2021,True,1.0
d002_ocenka__GR320_10,d002_ocenka,0.0,0.0014,0.0008,0.0016,0,1,1,1,пуст в годах: 2021,True,1.0
d002_ocenka__GR40,d002_ocenka,0.0,0.0,0.2798,0.2852,0,0,2,2,"пуст в годах: 2021,2022",False,
d002_ocenka__GR41,d002_ocenka,0.0,0.0,0.1431,0.1467,0,0,2,2,"пуст в годах: 2021,2022",False,
d002_ocenka__GR42_1,d002_ocenka,0.0,0.0,0.0019,0.0019,0,0,3,3,"пуст в годах: 2021,2022",False,
d002_ocenka__GR42_2,d002_ocenka,0.0,0.0,0.0005,0.0006,0,0,3,3,"пуст в годах: 2021,2022",False,
d002_ocenka__GR42_3,d002_ocenka,0.0,0.0,0.0002,0.0001,0,0,2,2,"пуст в годах: 2021,2022",False,
d002_ocenka__GR42_4,d002_ocenka,0.0,0.0,0.0,0.0001,0,0,1,2,"пуст в годах: 2021,2022",False,
d002_ocenka__GR42_5,d002_ocenka,0.0,0.0,0.0001,0.0001,0,0,1,1,"пуст в годах: 2021,2022",True,1.0
d002_ocenka__GR42_6,d002_ocenka,0.0,0.0,0.0,0.0,0,0,0,0,полностью пуст (все годы),False,
d002_ocenka__GR42_7,d002_ocenka,0.0,0.0,0.0,0.0,0,0,0,0,полностью пуст (все годы),False,
d002_ocenka__GR43_1,d002_ocenka,0.0,0.0,0.0016,0.0017,0,0,2,2,"пуст в годах: 2021,2022",False,
d002_ocenka__GR43_2,d002_ocenka,0.0,0.0,0.0005,0.0006,0,0,2,3,"пуст в годах: 2021,2022",False,
d002_ocenka__GR43_3,d002_ocenka,0.0,0.0,0.0001,0.0001,0,0,1,2,"пуст в годах: 2021,2022",False,
d002_ocenka__GR43_4,d002_ocenka,0.0,0.0,0.0,0.0001,0,0,1,1,"пуст в годах: 2021,2022",True,1.0
d002_ocenka__GR43_5,d002_ocenka,0.0,0.0,0.0,0.0,0,0,0,1,"пуст в годах: 2021,2022,2023",True,1.0
d002_ocenka__GR43_6,d002_ocenka,0.0,0.0,0.0,0.0,0,0,0,0,полностью пуст (все годы),False,
d002_ocenka__GR43_7,d002_ocenka,0.0,0.0,0.0,0.0,0,0,1,0,"пуст в годах: 2021,2022,2024",True,1.0
d002_ocenka__GR44_1,d002_ocenka,0.0,0.0,0.1426,0.1467,0,0,5,5,"пуст в годах: 2021,2022",False,
d002_ocenka__GR44_2,d002_ocenka,0.0,0.0,0.1421,0.1461,0,0,5,5,"пуст в годах: 2021,2022",False,
d002_ocenka__GR44_3,d002_ocenka,0.0,0.0,0.1412,0.1452,0,0,5,5,"пуст в годах: 2021,2022",False,
d002_ocenka__GR44_4,d002_ocenka,0.0,0.0,0.1406,0.1449,0,0,5,5,"пуст в годах: 2021,2022",False,
d002_ocenka__GR44_5,d002_ocenka,0.0,0.0,0.1399,0.1447,0,0,5,5,"пуст в годах: 2021,2022",False,
d002_ocenka__GR44_6,d002_ocenka,0.0,0.0,0.1396,0.1438,0,0,5,5,"пуст в годах: 2021,2022",False,
d002_ocenka__GR44_7,d002_ocenka,0.0,0.0,0.1395,0.1432,0,0,5,5,"пуст в годах: 2021,2022",False,
d002_ocenka__GR44_8,d002_ocenka,0.0,0.0,0.1388,0.1425,0,0,5,5,"пуст в годах: 2021,2022",False,
d002_ocenka__GR44_9,d002_ocenka,0.0,0.0,0.1394,0.1418,0,0,5,5,"пуст в годах: 2021,2022",False,
d002_ocenka__GR44_10,d002_ocenka,0.0,0.0,0.1422,0.1465,0,0,5,5,"пуст в годах: 2021,2022",False,
d002_ocenka__GR44_11,d002_ocenka,0.0,0.0,0.1415,0.1464,0,0,5,5,"пуст в годах: 2021,2022",False,
d002_ocenka__GR44_12,d002_ocenka,0.0,0.0,0.1412,0.1453,0,0,5,5,"пуст в годах: 2021,2022",False,
d002_ocenka__GR44_13,d002_ocenka,0.0,0.0,0.1404,0.1444,0,0,5,5,"пуст в годах: 2021,2022",False,
d002_ocenka__GR44_14,d002_ocenka,0.0,0.0,0.1402,0.1442,0,0,5,5,"пуст в годах: 2021,2022",False,
d002_ocenka__GR45_1,d002_ocenka,0.0,0.0,0.1422,0.1457,0,0,4,4,"пуст в годах: 2021,2022",False,
d002_ocenka__GR45_2,d002_ocenka,0.0,0.0,0.1396,0.1442,0,0,4,4,"пуст в годах: 2021,2022",False,
d002_ocenka__GR45_3,d002_ocenka,0.0,0.0,0.1382,0.1419,0,0,4,4,"пуст в годах: 2021,2022",False,
d002_ocenka__GR45_4,d002_ocenka,0.0,0.0,0.1373,0.1417,0,0,4,4,"пуст в годах: 2021,2022",False,
d002_ocenka__GR45_5,d002_ocenka,0.0,0.0,0.1361,0.1411,0,0,4,4,"пуст в годах: 2021,2022",False,
d002_ocenka__GR45_6,d002_ocenka,0.0,0.0,0.1352,0.1402,0,0,4,4,"пуст в годах: 2021,2022",False,
d002_ocenka__GR45_7,d002_ocenka,0.0,0.0,0.135,0.1398,0,0,4,4,"пуст в годах: 2021,2022",False,
d002_ocenka__GR45_8,d002_ocenka,0.0,0.0,0.1369,0.1421,0,0,4,4,"пуст в годах: 2021,2022",False,
d002_ocenka__GR45_9,d002_ocenka,0.0,0.0,0.1362,0.1412,0,0,4,4,"пуст в годах: 2021,2022",False,
d002_ocenka__GR45_10,d002_ocenka,0.0,0.0,0.1413,0.1447,0,0,4,4,"пуст в годах: 2021,2022",False,
d002_ocenka__GR45_11,d002_ocenka,0.0,0.0,0.1398,0.144,0,0,4,4,"пуст в годах: 2021,2022",False,
d002_ocenka__GR45_12,d002_ocenka,0.0,0.0,0.1387,0.1434,0,0,4,4,"пуст в годах: 2021,2022",False,
d002_ocenka__GR45_13,d002_ocenka,0.0,0.0,0.1377,0.1414,0,0,4,4,"пуст в годах: 2021,2022",False,
d002_ocenka__GR45_14,d002_ocenka,0.0,0.0,0.1377,0.1412,0,0,4,4,"пуст в годах: 2021,2022",False,
d002_ocenka__GR46,d002_ocenka,0.0,0.0,0.1368,0.1407,0,0,5,5,"пуст в годах: 2021,2022",False,
d002_ocenka__KVINT,d002_ocenka,0.0,0.0,0.28,0.0,0,0,5,0,"пуст в годах: 2021,2022,2024",False,
KVARTAL,service,1.0,1.0,1.0,1.0,4,4,4,4,заполнен все годы,False,
d006__TIP_J,d006,0.9728,0.9832,0.9743,0.9781,5,5,5,5,заполнен все годы,False,
d006__VLAD1,d006,0.9728,0.9832,0.9743,0.9781,7,7,7,7,заполнен все годы,False,
d006__J_PL,d006,0.9728,0.9832,0.9743,0.9781,161,172,176,173,заполнен все годы,False,
d006__KOL_K,d006,0.9728,0.9832,0.9743,0.9781,10,10,10,9,заполнен все годы,False,
d006__OB_PL,d006,0.9728,0.9832,0.9743,0.9781,202,213,214,216,заполнен все годы,False,
d006__U1,d006,0.9728,0.9832,0.9743,0.9781,1,1,1,1,заполнен все годы,True,1.0
d006__U2,d006,0.9728,0.9832,0.9743,0.9781,2,2,2,2,заполнен все годы,False,
d006__U3,d006,0.9728,0.9832,0.9743,0.9781,2,2,2,2,заполнен все годы,False,
d006__U4,d006,0.9728,0.9832,0.9743,0.9781,2,2,2,2,заполнен все годы,False,
d006__U5,d006,0.9728,0.9832,0.9743,0.9781,2,2,2,2,заполнен все годы,False,
d006__U6,d006,0.9728,0.9832,0.9743,0.9781,2,2,2,2,заполнен все годы,False,
d006__U7,d006,0.9728,0.9832,0.9743,0.9781,2,2,2,2,заполнен все годы,False,
d006__U8,d006,0.9728,0.9832,0.9743,0.9781,2,2,2,2,заполнен все годы,False,
d006__U9,d006,0.9728,0.9832,0.9743,0.9781,2,2,2,2,заполнен все годы,False,
d006__U10,d006,0.9728,0.9832,0.9743,0.9781,1,1,1,1,заполнен все годы,True,2.0
d006__U11,d006,0.9728,0.9832,0.9743,0.9781,1,1,1,1,заполнен все годы,True,2.0
d006__U12,d006,0.9728,0.9832,0.9743,0.9781,1,1,1,1,заполнен все годы,True,2.0
d006__U13,d006,0.9728,0.9832,0.9743,0.9781,1,1,1,1,заполнен все годы,True,2.0
d006__U14,d006,0.9728,0.9832,0.9743,0.9781,2,2,2,2,заполнен все годы,False,
d006__U15,d006,0.9728,0.9832,0.9743,0.9781,2,2,2,2,заполнен все годы,False,
d006__U16,d006,0.9728,0.9832,0.9743,0.9781,2,2,2,2,заполнен все годы,False,
d006__U17,d006,0.9728,0.9832,0.9743,0.9781,2,2,2,2,заполнен все годы,False,
d006__U18,d006,0.9728,0.9832,0.9743,0.9781,2,2,2,2,заполнен все годы,False,
d006__U19,d006,0.9728,0.9832,0.9743,0.9781,2,2,2,2,заполнен все годы,False,
d006__U20,d006,0.9728,0.9832,0.9743,0.9781,2,2,2,2,заполнен все годы,False,
d006__U21,d006,0.9728,0.9832,0.9743,0.9781,2,2,2,2,заполнен все годы,False,
d006__U22,d006,0.9728,0.9832,0.9743,0.9781,2,2,2,2,заполнен все годы,False,
d006__U23,d006,0.9728,0.9832,0.9743,0.9781,1,1,2,1,заполнен все годы,False,
d006__U24,d006,0.9728,0.9832,0.9743,0.9781,2,2,2,2,заполнен все годы,False,
d006__U25,d006,0.9728,0.9832,0.9743,0.9781,2,2,2,2,заполнен все годы,False,
d006__U26,d006,0.9728,0.9832,0.9743,0.9781,2,2,2,2,заполнен все годы,False,
d006__U27,d006,0.9728,0.9832,0.9743,0.9781,2,2,2,2,заполнен все годы,False,
d006__U28,d006,0.9728,0.9832,0.9743,0.9781,2,2,2,2,заполнен все годы,False,
d006__U29,d006,0.9728,0.9832,0.9743,0.9781,2,2,2,2,заполнен все годы,False,
d006__U30,d006,0.9728,0.9832,0.9743,0.9781,2,2,2,2,заполнен все годы,False,
d006__U31,d006,0.9728,0.9832,0.9743,0.9781,2,2,2,2,заполнен все годы,False,
d006__U32,d006,0.9728,0.9832,0.9743,0.9781,2,2,2,2,заполнен все годы,False,
d006__U33,d006,0.9728,0.9832,0.9743,0.9781,2,2,2,2,заполнен все годы,False,
d006__U34,d006,0.9728,0.9832,0.9743,0.978,2,2,2,2,заполнен все годы,False,
d006__U35,d006,0.9728,0.9832,0.9743,0.9781,2,2,2,2,заполнен все годы,False,
d006__U36,d006,0.9728,0.9832,0.9743,0.9781,2,2,2,2,заполнен все годы,False,
d006__U37,d006,0.9728,0.9832,0.9743,0.9781,2,2,2,2,заполнен все годы,False,
d006__U38,d006,0.9728,0.9832,0.9743,0.9781,2,2,2,2,заполнен все годы,False,
d006__U39,d006,0.9728,0.9832,0.9743,0.9781,2,2,2,2,заполнен все годы,False,
d006__U40,d006,0.9728,0.9832,0.9743,0.9781,2,2,2,2,заполнен все годы,False,
d006__U41,d006,0.9728,0.9832,0.9743,0.9781,2,2,2,2,заполнен все годы,False,
d006__U42,d006,0.9728,0.9832,0.9743,0.9781,2,2,2,2,заполнен все годы,False,
d006__TIPNJ1,d006,0.9728,0.9832,0.9743,0.9781,2,2,2,2,заполнен все годы,False,
d006__KOLNJ1,d006,0.0041,0.0049,0.0043,0.0048,2,1,2,2,заполнен все годы,False,
d006__ISPNJ1,d006,0.0041,0.0049,0.0043,0.0048,4,4,4,4,заполнен все годы,False,
d006__TIPNJ2,d006,0.9728,0.9832,0.9743,0.9781,1,1,2,2,заполнен все годы,False,
d006__KOLNJ2,d006,0.0,0.0,0.0004,0.0,1,0,1,0,"пуст в годах: 2022,2024",True,1.0
d006__ISPNJ2,d006,0.0001,0.0,0.0003,0.0001,1,0,2,1,пуст в годах: 2022,False,
d006__TIPNJ3,d006,0.9728,0.9832,0.9743,0.9781,2,2,2,2,заполнен все годы,False,
d006__KOLNJ3,d006,0.001,0.002,0.0021,0.0016,1,2,2,2,заполнен все годы,False,
d006__ISPNJ3,d006,0.0016,0.0012,0.0015,0.0016,4,4,4,4,заполнен все годы,False,
d006__TIPNJ4,d006,0.9728,0.9832,0.9743,0.9781,2,2,2,2,заполнен все годы,False,
d006__KOLNJ4,d006,0.0054,0.008,0.0075,0.0042,2,2,2,2,заполнен все годы,False,
d006__ISPNJ4,d006,0.0054,0.008,0.0075,0.0042,4,4,4,4,заполнен все годы,False,
d006__TIPNJ5,d006,0.9728,0.9832,0.9743,0.9781,1,2,1,1,заполнен все годы,False,
d006__KOLNJ5,d006,0.0004,0.0001,0.0001,0.0,1,1,1,0,пуст в годах: 2024,True,1.0
d006__ISPNJ5,d006,0.0004,0.0,0.0004,0.0,1,1,1,0,пуст в годах: 2024,True,
d006__TIPNJ6,d006,0.9728,0.9832,0.9743,0.9781,2,2,2,2,заполнен все годы,False,
d006__KOLNJ6,d006,0.0092,0.0111,0.0055,0.0063,2,1,2,1,заполнен все годы,False,
d006__ISPNJ6,d006,0.0092,0.0111,0.0055,0.0063,3,3,3,3,заполнен все годы,False,
d006__TIPNJ7,d006,0.9728,0.9832,0.9742,0.9781,2,1,1,2,заполнен все годы,False,
d006__KOLNJ7,d006,0.0028,0.0,0.0002,0.0001,1,0,1,1,пуст в годах: 2022,True,1.0
d006__ISPNJ7,d006,0.0018,0.0,0.0001,0.0002,2,0,1,1,пуст в годах: 2022,False,
d006__ZEM,d006,0.9728,0.9832,0.9743,0.9781,2,2,2,2,заполнен все годы,False,
d006__NOMP1,d006,0.4439,0.4522,0.4389,0.4799,6,3,3,4,заполнен все годы,False,
d006__POL1,d006,0.4431,0.4512,0.4378,0.4774,2,2,2,2,заполнен все годы,False,
d006__VOZ1,d006,0.9608,0.9759,0.9298,0.9573,71,72,73,72,заполнен все годы,False,
d006__KOL_UCH1,d006,0.4438,0.4487,0.4379,0.4705,3,4,4,4,заполнен все годы,False,
d006__UCH_PL1,d006,0.444,0.4487,0.4372,0.4711,160,172,147,157,заполнен все годы,False,
d006__UCH_FS1_1,d006,0.4367,0.4365,0.4316,0.4661,3,2,2,2,заполнен все годы,False,
d006__UCH_FS1_2,d006,0.0172,0.0261,0.0152,0.0228,2,2,2,2,заполнен все годы,False,
d006__UCH_FS1_3,d006,0.0031,0.0023,0.0023,0.0018,2,1,2,2,заполнен все годы,False,
d006__UCH_FS1_4,d006,0.0,0.0038,0.001,0.0005,0,1,1,1,пуст в годах: 2021,True,1.0
d006__UCH_ISP1_1,d006,0.0355,0.0305,0.0137,0.0252,1,1,1,1,заполнен все годы,True,1.0
d006__UCH_ISP1_2,d006,0.2721,0.2309,0.2336,0.2269,2,2,2,2,заполнен все годы,False,
d006__UCH_ISP1_3,d006,0.1115,0.116,0.0971,0.1268,2,2,2,2,заполнен все годы,False,
d006__UCH_ISP1_4,d006,0.0045,0.0061,0.0066,0.0059,2,1,2,2,заполнен все годы,False,
d006__UCH_ISP1_5,d006,0.0109,0.0179,0.0109,0.0122,2,2,2,2,заполнен все годы,False,
d006__UCH_ISP1_6,d006,0.0218,0.0728,0.0812,0.0761,1,1,1,2,заполнен все годы,False,
d006__UCH_ISP1_7,d006,0.0151,0.0205,0.0268,0.0262,1,1,1,1,заполнен все годы,True,1.0
d006__NOMP2,d006,0.1571,0.1471,0.1199,0.1681,3,6,5,3,заполнен все годы,False,
d006__POL2,d006,0.1559,0.1467,0.1193,0.1669,2,2,2,2,заполнен все годы,False,
d006__VOZ2,d006,0.9204,0.9195,0.8679,0.8976,69,67,66,67,заполнен все годы,False,
d006__KOL_UCH2,d006,0.0787,0.0669,0.0598,0.0744,3,3,3,4,заполнен все годы,False,
d006__UCH_PL2,d006,0.0782,0.0669,0.0607,0.0744,57,55,45,57,заполнен все годы,False,
d006__UCH_FS2_1,d006,0.0716,0.0627,0.057,0.0697,2,2,2,3,заполнен все годы,False,
d006__UCH_FS2_2,d006,0.0048,0.0057,0.0033,0.0073,1,1,2,2,заполнен все годы,False,
d006__UCH_FS2_3,d006,0.0003,0.0001,0.0005,0.0,1,1,1,0,пуст в годах: 2024,True,1.0
d006__UCH_FS2_4,d006,0.0001,0.0,0.0001,0.0005,1,0,1,1,пуст в годах: 2022,True,1.0
d006__UCH_ISP2_1,d006,0.0002,0.002,0.001,0.0017,1,1,1,1,заполнен все годы,True,1.0
d006__UCH_ISP2_2,d006,0.0496,0.0421,0.0314,0.0383,2,1,1,2,заполнен все годы,False,
d006__UCH_ISP2_3,d006,0.0111,0.0104,0.0086,0.0158,2,1,1,1,заполнен все годы,False,
d006__UCH_ISP2_4,d006,0.0019,0.0018,0.0005,0.0014,1,1,1,1,заполнен все годы,True,1.0
d006__UCH_ISP2_5,d006,0.0039,0.0052,0.0033,0.0028,1,1,1,2,заполнен все годы,False,
d006__UCH_ISP2_6,d006,0.0058,0.0073,0.0105,0.0128,1,1,1,1,заполнен все годы,True,1.0
d006__UCH_ISP2_7,d006,0.0018,0.0008,0.0027,0.0023,1,1,1,1,заполнен все годы,True,1.0
d006__NOMP3,d006,0.0735,0.0747,0.0545,0.0849,6,5,6,6,заполнен все годы,False,
d006__POL3,d006,0.0728,0.0733,0.0543,0.0824,2,2,2,2,заполнен все годы,False,
d006__VOZ3,d006,0.7282,0.6356,0.5416,0.6033,65,62,59,64,заполнен все годы,False,
d006__KOL_UCH3,d006,0.0182,0.0222,0.0161,0.0209,2,1,1,2,заполнен все годы,False,
d006__UCH_PL3,d006,0.0163,0.0233,0.0159,0.0211,24,20,19,23,заполнен все годы,False,
d006__UCH_FS3_1,d006,0.0161,0.0225,0.0156,0.0203,2,1,1,2,заполнен все годы,False,
d006__UCH_FS3_2,d006,0.0011,0.0007,0.0002,0.0012,1,1,1,1,заполнен все годы,True,1.0
d006__UCH_FS3_3,d006,0.0,0.0001,0.0,0.0,0,1,0,0,"пуст в годах: 2021,2023,2024",True,1.0
d006__UCH_FS3_4,d006,0.0,0.0,0.0,0.0,0,0,0,0,полностью пуст (все годы),False,
d006__UCH_ISP3_1,d006,0.0,0.0014,0.0005,0.0009,0,1,1,1,пуст в годах: 2021,True,1.0
d006__UCH_ISP3_2,d006,0.0122,0.0157,0.0082,0.0125,1,1,1,1,заполнен все годы,True,1.0
d006__UCH_ISP3_3,d006,0.0008,0.0015,0.0013,0.0014,1,1,1,1,заполнен все годы,True,1.0
d006__UCH_ISP3_4,d006,0.0006,0.0001,0.0004,0.0015,1,1,1,1,заполнен все годы,True,1.0
d006__UCH_ISP3_5,d006,0.0008,0.0009,0.0,0.0,1,1,0,0,"пуст в годах: 2023,2024",True,1.0
d006__UCH_ISP3_6,d006,0.0013,0.0019,0.0037,0.0034,1,1,1,1,заполнен все годы,True,1.0
d006__UCH_ISP3_7,d006,0.0007,0.0,0.0,0.0002,1,1,0,1,пуст в годах: 2023,True,1.0
d006__NOMP4,d006,0.036,0.0303,0.0255,0.0408,4,6,4,6,заполнен все годы,False,
d006__POL4,d006,0.0358,0.03,0.0255,0.0408,2,2,2,2,заполнен все годы,False,
d006__VOZ4,d006,0.6269,0.4265,0.318,0.4308,36,37,37,37,заполнен все годы,False,
d006__KOL_UCH4,d006,0.0058,0.0089,0.0068,0.0087,2,1,1,1,заполнен все годы,False,
d006__UCH_PL4,d006,0.0052,0.0086,0.007,0.0078,12,12,9,7,заполнен все годы,False,
d006__UCH_FS4_1,d006,0.0055,0.0089,0.0068,0.0078,1,1,1,1,заполнен все годы,True,1.0
d006__UCH_FS4_2,d006,0.0,0.0,0.0,0.0,0,0,0,0,полностью пуст (все годы),False,
d006__UCH_FS4_3,d006,0.0,0.0,0.0,0.0,0,0,0,0,полностью пуст (все годы),False,
d006__UCH_FS4_4,d006,0.0,0.0,0.0,0.0,0,0,0,0,полностью пуст (все годы),False,
d006__UCH_ISP4_1,d006,0.0,0.0009,0.0,0.0006,0,1,0,1,"пуст в годах: 2021,2023",True,1.0
d006__UCH_ISP4_2,d006,0.0043,0.007,0.004,0.006,2,1,1,1,заполнен все годы,False,
d006__UCH_ISP4_3,d006,0.0007,0.0,0.0002,0.0002,1,0,1,1,пуст в годах: 2022,True,1.0
d006__UCH_ISP4_4,d006,0.0,0.0,0.0,0.0,0,0,0,0,полностью пуст (все годы),False,
d006__UCH_ISP4_5,d006,0.0001,0.0,0.0,0.0,1,0,0,0,"пуст в годах: 2022,2023,2024",True,1.0
d006__UCH_ISP4_6,d006,0.0009,0.0006,0.0021,0.0019,1,1,1,1,заполнен все годы,True,1.0
d006__UCH_ISP4_7,d006,0.0001,0.0002,0.0002,0.0,1,1,1,0,пуст в годах: 2024,True,1.0
d006__NOMP5,d006,0.009,0.0098,0.0085,0.0118,4,5,4,5,заполнен все годы,False,
d006__POL5,d006,0.009,0.0098,0.0085,0.0118,2,2,2,2,заполнен все годы,False,
d006__VOZ5,d006,0.5771,0.3435,0.2376,0.3649,20,19,18,20,заполнен все годы,False,
d006__KOL_UCH5,d006,0.002,0.0023,0.0013,0.0027,1,1,1,1,заполнен все годы,True,1.0
d006__UCH_PL5,d006,0.0009,0.0025,0.002,0.0011,5,6,4,4,заполнен все годы,False,
d006__UCH_FS5_1,d006,0.0009,0.0031,0.0025,0.0022,1,1,1,1,заполнен все годы,True,1.0
d006__UCH_FS5_2,d006,0.0,0.0,0.0,0.0,0,0,0,1,"пуст в годах: 2021,2022,2023",True,1.0
d006__UCH_FS5_3,d006,0.0,0.0,0.0,0.0,0,0,0,0,полностью пуст (все годы),False,
d006__UCH_FS5_4,d006,0.0,0.0,0.0,0.0,0,0,0,0,полностью пуст (все годы),False,
d006__UCH_ISP5_1,d006,0.0,0.0005,0.0,0.0,0,1,0,0,"пуст в годах: 2021,2023,2024",True,1.0
d006__UCH_ISP5_2,d006,0.0002,0.0015,0.0008,0.0017,1,1,1,1,заполнен все годы,True,1.0
d006__UCH_ISP5_3,d006,0.0,0.0,0.0002,0.0,0,0,1,0,"пуст в годах: 2021,2022,2024",True,1.0
d006__UCH_ISP5_4,d006,0.0,0.0,0.0,0.0,0,0,0,0,полностью пуст (все годы),False,
d006__UCH_ISP5_5,d006,0.0,0.0,0.0,0.0,0,0,0,0,полностью пуст (все годы),False,
d006__UCH_ISP5_6,d006,0.0002,0.0002,0.0009,0.0001,1,1,1,1,заполнен все годы,True,1.0
d006__UCH_ISP5_7,d006,0.0002,0.0,0.0,0.0,1,0,0,0,"пуст в годах: 2022,2023,2024",True,1.0
d006__NOMP6,d006,0.0016,0.0017,0.0019,0.0024,3,4,6,4,заполнен все годы,False,
d006__POL6,d006,0.0011,0.0026,0.0017,0.0021,2,2,2,2,заполнен все годы,False,
d006__VOZ6,d006,0.5687,0.3196,0.2146,0.3411,8,11,9,11,заполнен все годы,False,
d006__KOL_UCH6,d006,0.0004,0.0006,0.0002,0.0012,1,1,1,1,заполнен все годы,True,1.0
d006__UCH_PL6,d006,0.0004,0.0004,0.0002,0.0003,1,4,2,2,заполнен все годы,False,
d006__UCH_FS6_1,d006,0.0,0.0012,0.0009,0.0,0,1,1,0,"пуст в годах: 2021,2024",True,1.0
d006__UCH_FS6_2,d006,0.0,0.0,0.0,0.0,0,0,0,0,полностью пуст (все годы),False,
d006__UCH_FS6_3,d006,0.0,0.0,0.0,0.0,0,0,0,0,полностью пуст (все годы),False,
d006__UCH_FS6_4,d006,0.0,0.0,0.0,0.0,0,0,0,0,полностью пуст (все годы),False,
d006__UCH_ISP6_1,d006,0.0,0.0,0.0,0.0,0,0,0,0,полностью пуст (все годы),False,
d006__UCH_ISP6_2,d006,0.0004,0.0016,0.0,0.0007,1,1,0,1,пуст в годах: 2023,True,1.0
d006__UCH_ISP6_3,d006,0.0,0.0,0.0,0.0,0,0,0,0,полностью пуст (все годы),False,
d006__UCH_ISP6_4,d006,0.0,0.0,0.0,0.0,0,0,0,0,полностью пуст (все годы),False,
d006__UCH_ISP6_5,d006,0.0,0.0,0.0,0.0,0,0,0,0,полностью пуст (все годы),False,
d006__UCH_ISP6_6,d006,0.0,0.0,0.0001,0.0005,0,0,1,1,"пуст в годах: 2021,2022",True,1.0
d006__UCH_ISP6_7,d006,0.0,0.0,0.0,0.0,0,0,0,0,полностью пуст (все годы),False,
d006__NOMP7,d006,0.0008,0.0001,0.0002,0.0005,1,1,2,3,заполнен все годы,False,
d006__POL7,d006,0.0002,0.0006,0.0004,0.0003,2,2,1,2,заполнен все годы,False,
d006__VOZ7,d006,0.5576,0.3176,0.2083,0.3388,2,3,3,5,заполнен все годы,False,
d006__KOL_UCH7,d006,0.0002,0.0004,0.0,0.0,1,1,0,0,"пуст в годах: 2023,2024",True,1.0
d006__UCH_PL7,d006,0.0002,0.0,0.0,0.0,1,0,0,0,"пуст в годах: 2022,2023,2024",True,6.0
d006__UCH_FS7_1,d006,0.0001,0.0,0.0,0.0,1,0,0,0,"пуст в годах: 2022,2023,2024",True,1.0
d006__UCH_FS7_2,d006,0.0,0.0,0.0,0.0,0,0,0,0,полностью пуст (все годы),False,
d006__UCH_FS7_3,d006,0.0,0.0,0.0,0.0,0,0,0,0,полностью пуст (все годы),False,
d006__UCH_FS7_4,d006,0.0,0.0,0.0,0.0,0,0,0,0,полностью пуст (все годы),False,
d006__UCH_ISP7_1,d006,0.0,0.0002,0.0,0.0,0,1,0,0,"пуст в годах: 2021,2023,2024",True,1.0
d006__UCH_ISP7_2,d006,0.0002,0.0,0.0,0.0,1,0,0,0,"пуст в годах: 2022,2023,2024",True,1.0
d006__UCH_ISP7_3,d006,0.0,0.0,0.0,0.0,0,0,0,0,полностью пуст (все годы),False,
d006__UCH_ISP7_4,d006,0.0,0.0,0.0,0.0,0,0,0,0,полностью пуст (все годы),False,
d006__UCH_ISP7_5,d006,0.0,0.0,0.0,0.0,0,0,0,0,полностью пуст (все годы),False,
d006__UCH_ISP7_6,d006,0.0,0.0,0.0,0.0,0,0,0,0,полностью пуст (все годы),False,
d006__UCH_ISP7_7,d006,0.0,0.0,0.0,0.0,0,0,0,0,полностью пуст (все годы),False,
d006__NOMP8,d006,0.0003,0.0,0.0,0.0002,1,0,0,2,"пуст в годах: 2022,2023",False,
d006__POL8,d006,0.0,0.0,0.0,0.0,0,0,0,0,полностью пуст (все годы),False,
d006__VOZ8,d006,0.5403,0.3122,0.207,0.3373,2,1,1,2,заполнен все годы,False,
d006__KOL_UCH8,d006,0.0,0.0,0.0,0.0,0,0,0,0,полностью пуст (все годы),False,
d006__UCH_PL8,d006,0.0,0.0,0.0,0.0,0,0,0,0,полностью пуст (все годы),False,
d006__UCH_FS8_1,d006,0.0,0.0,0.0,0.0,0,0,0,0,полностью пуст (все годы),False,
d006__UCH_FS8_2,d006,0.0,0.0,0.0,0.0,0,0,0,0,полностью пуст (все годы),False,
d006__UCH_FS8_3,d006,0.0,0.0,0.0,0.0,0,0,0,0,полностью пуст (все годы),False,
d006__UCH_FS8_4,d006,0.0,0.0,0.0,0.0,0,0,0,0,полностью пуст (все годы),False,
d006__UCH_ISP8_1,d006,0.0,0.0,0.0,0.0,0,0,0,0,полностью пуст (все годы),False,
d006__UCH_ISP8_2,d006,0.0,0.0,0.0,0.0,0,0,0,0,полностью пуст (все годы),False,
d006__UCH_ISP8_3,d006,0.0,0.0,0.0,0.0,0,0,0,0,полностью пуст (все годы),False,
d006__UCH_ISP8_4,d006,0.0,0.0,0.0,0.0,0,0,0,0,полностью пуст (все годы),False,
d006__UCH_ISP8_5,d006,0.0,0.0,0.0,0.0,0,0,0,0,полностью пуст (все годы),False,
d006__UCH_ISP8_6,d006,0.0,0.0,0.0,0.0,0,0,0,0,полностью пуст (все годы),False,
d006__UCH_ISP8_7,d006,0.0,0.0,0.0,0.0,0,0,0,0,полностью пуст (все годы),False,
d006__TDP1,d006,0.9722,0.9828,0.9734,0.9767,5,5,4,4,заполнен все годы,False,
d006__TDP2,d006,0.0189,0.021,0.0173,0.03,2,2,2,3,заполнен все годы,False,
d006__TDP3,d006,0.0398,0.0336,0.0288,0.041,2,2,2,3,заполнен все годы,False,
d006__TDP4,d006,0.106,0.095,0.0924,0.0998,2,2,2,3,заполнен все годы,False,
d006__TDP5,d006,0.3883,0.3905,0.4662,0.376,2,2,3,3,заполнен все годы,False,
d006__TDP6,d006,0.0125,0.0087,0.0109,0.0208,2,2,3,4,заполнен все годы,False,
d006__TDP7,d006,0.0281,0.0222,0.0212,0.0305,2,2,2,3,заполнен все годы,False,
d006__TDP8,d006,0.0793,0.0603,0.0524,0.0546,2,2,2,3,заполнен все годы,False,
d006__TDP9,d006,0.005,0.0059,0.0048,0.0145,2,2,2,3,заполнен все годы,False,
d006__TDP10,d006,0.5214,0.511,0.503,0.5258,3,3,3,4,заполнен все годы,False,
d006__TDP11,d006,0.1937,0.1919,0.2248,0.2491,3,3,2,5,заполнен все годы,False,
d006__TDP12,d006,0.0331,0.03,0.0319,0.0459,2,2,3,3,заполнен все годы,False,
d006__TDP13,d006,0.97,0.9816,0.9741,0.9779,3,3,3,2,заполнен все годы,False,
d006__TDP14,d006,0.3275,0.3953,0.4549,0.5197,3,2,3,4,заполнен все годы,False,
d006__TDP15,d006,0.9318,0.9618,0.9539,0.9525,2,2,2,3,заполнен все годы,False,
d006__TDP16,d006,0.0271,0.0273,0.044,0.0555,2,2,2,3,заполнен все годы,False,
d006__TDP17,d006,0.2635,0.2292,0.2416,0.2358,3,3,3,4,заполнен все годы,False,
d006__TDP18,d006,0.7547,0.7849,0.7912,0.8292,2,2,2,3,заполнен все годы,False,
d006__TDP19,d006,0.9122,0.9356,0.9254,0.935,2,2,4,2,заполнен все годы,False,
d006__TDP20,d006,0.9728,0.9832,0.9742,0.9781,2,3,3,3,заполнен все годы,False,
d006__TDP21,d006,0.273,0.2752,0.3274,0.3731,4,3,3,4,заполнен все годы,False,
d006__TDP22,d006,0.2671,0.2354,0.2549,0.2654,2,2,2,4,заполнен все годы,False,
d006__TDP23,d006,0.1804,0.191,0.1987,0.2042,4,3,3,4,заполнен все годы,False,
d006__TDP24,d006,0.0939,0.118,0.1012,0.1089,9,8,7,7,заполнен все годы,False,
d006__TDP25,d006,0.1571,0.1519,0.1522,0.1733,5,5,6,6,заполнен все годы,False,
d006__TDP26,d006,0.005,0.0025,0.0038,0.0225,2,2,2,3,заполнен все годы,False,
d006__TDP27,d006,0.3948,0.3554,0.3202,0.274,5,5,5,7,заполнен все годы,False,
d006__TDP28,d006,0.9677,0.978,0.9694,0.978,10,8,8,10,заполнен все годы,False,
d006__TDP29,d006,0.6268,0.6304,0.5952,0.611,5,4,5,6,заполнен все годы,False,
d006__TDP30,d006,0.8555,0.8635,0.8633,0.867,3,4,4,4,заполнен все годы,False,
d006__TDP31,d006,0.7979,0.7981,0.8197,0.8234,5,4,4,6,заполнен все годы,False,
d006__TDP32,d006,0.9274,0.9321,0.9375,0.9332,4,2,6,4,заполнен все годы,False,
d006__TDP33,d006,0.0278,0.0316,0.0415,0.0569,6,7,5,8,заполнен все годы,False,
d006__TDP34,d006,0.9406,0.962,0.955,0.9539,17,14,15,14,заполнен все годы,False,
d006__TDP35,d006,0.3504,0.3463,0.3425,0.2943,22,22,20,21,заполнен все годы,False,
d006__TDP36,d006,0.3852,0.3928,0.3899,0.4074,3,3,3,5,заполнен все годы,False,
d006__TDP37,d006,0.0209,0.0156,0.0202,0.0284,2,2,3,3,заполнен все годы,False,
d006__TDP38,d006,0.0175,0.0183,0.0236,0.0379,4,3,3,3,заполнен все годы,False,
d006__TDP39,d006,0.0123,0.0089,0.013,0.0305,3,3,2,3,заполнен все годы,False,
d006__TDP40,d006,0.1772,0.2048,0.1938,0.1956,3,3,4,5,заполнен все годы,False,
d006__TDP41,d006,0.0038,0.0055,0.0059,0.0164,2,3,2,3,заполнен все годы,False,
d006__TDP42,d006,0.0095,0.0129,0.0097,0.0187,2,2,2,3,заполнен все годы,False,
d006__TDP43,d006,0.0487,0.0516,0.0459,0.0655,4,2,3,3,заполнен все годы,False,
d006__TDP44,d006,0.1114,0.1035,0.11,0.1463,3,2,2,3,заполнен все годы,False,
d006__TDP45,d006,0.0095,0.0086,0.0061,0.0165,4,2,2,3,заполнен все годы,False,
d006__TDP46,d006,0.0033,0.0014,0.0037,0.0113,2,2,4,4,заполнен все годы,False,
d006__ZT,d006,0.9728,0.9828,0.9743,0.9781,4,5,4,5,заполнен все годы,False,
NOMER_y,service,0.9728,0.9832,0.9743,0.9781,11636,11744,11659,11704,заполнен все годы,False,
TOTAL_EXPENDITURE,service,0.9845,0.9883,0.9872,0.9866,44548,45177,45338,45325,заполнен все годы,False,
