path,form,year,table,rows_synthetic,columns_synthetic,rows_real,columns_real,source_label,bytes_csv
1t_god/2021/2021_1t_god.csv,1t_god,2021,2021_1t_god,7721951,16,7689262,16,cart,418134372
1t_god/2022/2022_1t_god.csv,1t_god,2022,2022_1t_god,8285961,18,8255748,18,cart,514976167
1t_god/2023/2023_1t_god.csv,1t_god,2023,2023_1t_god,8574325,19,8594587,19,cart,550226041
1t_god/2024/sr_1t_god_12_2024.csv,1t_god,2024,sr_1t_god_12_2024,5443662,30,5434866,30,cart,632084566
1t_kv/2021/1kv/1kv2021.csv,1t_kv,2021,1kv2021,1547716,8,1551823,8,cart,75092021
1t_kv/2021/2kv/2kv2021.csv,1t_kv,2021,2kv2021,1572541,8,1579008,8,cart,76341435
1t_kv/2021/3kv/3kv2021.csv,1t_kv,2021,3kv2021,1614596,8,1609916,8,cart,78438164
1t_kv/2021/4kv/4kv2021.csv,1t_kv,2021,4kv2021,1624192,8,1619946,8,cart,78950392
1t_kv/2022/1kv/1kv2022.csv,1t_kv,2022,1kv2022,1555073,10,1540179,10,cart,86408862
1t_kv/2022/2kv/2kv2022.csv,1t_kv,2022,2kv2022,1562755,10,1566826,10,cart,86877005
1t_kv/2022/3kv/3kv2022.csv,1t_kv,2022,3kv2022,1619210,10,1603527,10,cart,90055985
1t_kv/2022/4kv/4kv2022.csv,1t_kv,2022,4kv2022,1631009,10,1629343,10,cart,92361865
1t_kv/2023/1kv/1kv2023.csv,1t_kv,2023,1kv2023,1416073,10,1401508,10,cart,78823583
1t_kv/2023/2kv/2kv2023.csv,1t_kv,2023,2kv2023,1438249,10,1429865,10,cart,80077877
1t_kv/2023/3kv/3kv2023.csv,1t_kv,2023,3kv2023,1468595,10,1456787,10,cart,80328881
1t_kv/2023/4kv/4kv2023.csv,1t_kv,2023,4kv2023,1466320,16,1467397,16,cart,115470437
1t_kv/2024/1kv/1t_kv_03_2024.csv,1t_kv,2024,1t_kv_03_2024,1456083,10,1456423,10,cart,82399272
1t_kv/2024/2kv/1t_kv_06_2024.csv,1t_kv,2024,1t_kv_06_2024,1485615,10,1472371,10,cart,84094101
1t_kv/2024/3kv/1t_kv_09_2024.csv,1t_kv,2024,1t_kv_09_2024,1506346,10,1506025,10,cart,85303409
1t_kv/2024/4kv/1t_kv_12_2024.csv,1t_kv,2024,1t_kv_12_2024,1515869,10,1521666,10,cart,87382733
2t/2021/2_t_oplata_truda_2021.csv,2t,2021,2_t_oplata_truda_2021,1884114,13,1840551,13,cart,129284580
2t/2022/2_t_oplata_truda_2022.csv,2t,2022,2_t_oplata_truda_2022,1708363,16,1779326,16,cart,142670405
2t/2023/2_t_oplata_truda_2023.csv,2t,2023,2_t_oplata_truda_2023,1748127,16,1755240,16,cart,146005677
2t/2024/sr_2t_ot_god_04_2024_parol_2025.csv,2t,2024,sr_2t_ot_god_04_2024_parol_2025,1988210,20,1992825,20,cart,189877507
d002/2021/ocenka.csv,d002,2021,ocenka,11953,48,11951,48,cart,1201968
d002/2021/subject.csv,d002,2021,subject,11953,52,11951,52,cart,1534381
d002/2022/ocenka.csv,d002,2022,ocenka,11934,63,11939,63,cart,1402614
d002/2022/subject.csv,d002,2022,subject,11934,48,11939,48,cart,1434534
d002/2023/ocenka.csv,d002,2023,ocenka,11953,98,11967,98,cart,1894093
d002/2023/subject.csv,d002,2023,subject,11953,75,11967,75,cart,1851453
d002/2024/ocenka.csv,d002,2024,ocenka,11931,97,11941,97,cart,1868753
d002/2024/subject.csv,d002,2024,subject,11931,75,11941,75,cart,1840919
d004/2021/1kv/kv_vopr0.csv,d004,2021,kv_vopr0,12000,6,12000,6,cart,312028
d004/2021/1kv/kv_vopr1.csv,d004,2021,kv_vopr1,268143,9,267643,9,cart,10952378
d004/2021/1kv/kv_vopr10.csv,d004,2021,kv_vopr10,7653,12,7972,12,cart,406763
d004/2021/1kv/kv_vopr11.csv,d004,2021,kv_vopr11,24680,33,24794,33,cart,2235351
d004/2021/1kv/kv_vopr12.csv,d004,2021,kv_vopr12,5601,9,5472,9,cart,224921
d004/2021/1kv/kv_vopr2.csv,d004,2021,kv_vopr2,63983,9,63570,9,cart,2726378
d004/2021/1kv/kv_vopr3.csv,d004,2021,kv_vopr3,26787,8,26830,8,cart,1108963
d004/2021/1kv/kv_vopr4.csv,d004,2021,kv_vopr4,1737,8,1667,8,cart,71942
d004/2021/1kv/kv_vopr5.csv,d004,2021,kv_vopr5,5270,8,5186,8,cart,210869
d004/2021/1kv/kv_vopr6.csv,d004,2021,kv_vopr6,36743,10,36533,10,cart,1577423
d004/2021/1kv/kv_vopr7.csv,d004,2021,kv_vopr7,14330,8,14406,8,cart,588281
d004/2021/1kv/kv_vopr9.csv,d004,2021,kv_vopr9,51716,20,52559,20,cart,3006771
d004/2021/2kv/kv_vopr0.csv,d004,2021,kv_vopr0,12000,6,12000,6,cart,312028
d004/2021/2kv/kv_vopr1.csv,d004,2021,kv_vopr1,274850,9,276992,9,cart,11228908
d004/2021/2kv/kv_vopr10.csv,d004,2021,kv_vopr10,9732,12,10306,12,cart,522407
d004/2021/2kv/kv_vopr11.csv,d004,2021,kv_vopr11,25109,33,25198,33,cart,2293337
d004/2021/2kv/kv_vopr12.csv,d004,2021,kv_vopr12,4972,9,5162,9,cart,201754
d004/2021/2kv/kv_vopr2.csv,d004,2021,kv_vopr2,62989,9,62297,9,cart,2680415
d004/2021/2kv/kv_vopr3.csv,d004,2021,kv_vopr3,26496,8,26501,8,cart,1097540
d004/2021/2kv/kv_vopr4.csv,d004,2021,kv_vopr4,1595,8,1572,8,cart,65845
d004/2021/2kv/kv_vopr5.csv,d004,2021,kv_vopr5,5032,8,5020,8,cart,201458
d004/2021/2kv/kv_vopr6.csv,d004,2021,kv_vopr6,38414,10,38313,10,cart,1652843
d004/2021/2kv/kv_vopr7.csv,d004,2021,kv_vopr7,14451,8,14630,8,cart,593115
d004/2021/2kv/kv_vopr9.csv,d004,2021,kv_vopr9,61093,20,62447,20,cart,3665789
d004/2021/3kv/kv_vopr0.csv,d004,2021,kv_vopr0,12000,6,12000,6,cart,312028
d004/2021/3kv/kv_vopr1.csv,d004,2021,kv_vopr1,291409,9,294626,9,cart,11909670
d004/2021/3kv/kv_vopr10.csv,d004,2021,kv_vopr10,16047,12,16914,12,cart,864026
d004/2021/3kv/kv_vopr11.csv,d004,2021,kv_vopr11,24735,33,24928,33,cart,2260895
d004/2021/3kv/kv_vopr12.csv,d004,2021,kv_vopr12,5193,9,5242,9,cart,208149
d004/2021/3kv/kv_vopr2.csv,d004,2021,kv_vopr2,59264,9,58956,9,cart,2539439
d004/2021/3kv/kv_vopr3.csv,d004,2021,kv_vopr3,26224,8,26284,8,cart,1086608
d004/2021/3kv/kv_vopr4.csv,d004,2021,kv_vopr4,1651,8,1704,8,cart,67917
d004/2021/3kv/kv_vopr5.csv,d004,2021,kv_vopr5,5062,8,5062,8,cart,202787
d004/2021/3kv/kv_vopr6.csv,d004,2021,kv_vopr6,41746,10,41890,10,cart,1762116
d004/2021/3kv/kv_vopr7.csv,d004,2021,kv_vopr7,14734,8,14903,8,cart,605150
d004/2021/3kv/kv_vopr9.csv,d004,2021,kv_vopr9,69775,20,71726,20,cart,4477255
d004/2021/4kv/kv_vopr0.csv,d004,2021,kv_vopr0,12000,6,12000,6,cart,312028
d004/2021/4kv/kv_vopr1.csv,d004,2021,kv_vopr1,258042,9,262165,9,cart,10553670
d004/2021/4kv/kv_vopr10.csv,d004,2021,kv_vopr10,8677,12,9417,12,cart,461538
d004/2021/4kv/kv_vopr11.csv,d004,2021,kv_vopr11,24558,33,24726,33,cart,2245942
d004/2021/4kv/kv_vopr12.csv,d004,2021,kv_vopr12,4633,9,4820,9,cart,187152
d004/2021/4kv/kv_vopr2.csv,d004,2021,kv_vopr2,64216,9,63776,9,cart,2736158
d004/2021/4kv/kv_vopr3.csv,d004,2021,kv_vopr3,26251,8,26367,8,cart,1087705
d004/2021/4kv/kv_vopr4.csv,d004,2021,kv_vopr4,1897,8,1917,8,cart,77876
d004/2021/4kv/kv_vopr5.csv,d004,2021,kv_vopr5,4577,8,4492,8,cart,183317
d004/2021/4kv/kv_vopr6.csv,d004,2021,kv_vopr6,37212,10,37267,10,cart,1596681
d004/2021/4kv/kv_vopr7.csv,d004,2021,kv_vopr7,14110,8,14442,8,cart,579668
d004/2021/4kv/kv_vopr9.csv,d004,2021,kv_vopr9,53301,20,55138,20,cart,3173043
d004/2022/1kv/kv_vopr0.csv,d004,2022,kv_vopr0,12000,6,12000,6,cart,312028
d004/2022/1kv/kv_vopr1.csv,d004,2022,kv_vopr1,270907,9,271325,9,cart,11083100
d004/2022/1kv/kv_vopr10.csv,d004,2022,kv_vopr10,7956,11,8007,11,cart,391908
d004/2022/1kv/kv_vopr11.csv,d004,2022,kv_vopr11,24874,33,24676,33,cart,2302605
d004/2022/1kv/kv_vopr12.csv,d004,2022,kv_vopr12,5692,9,5776,9,cart,230950
d004/2022/1kv/kv_vopr2.csv,d004,2022,kv_vopr2,63392,9,63925,9,cart,2704905
d004/2022/1kv/kv_vopr3.csv,d004,2022,kv_vopr3,27068,8,26904,8,cart,1121787
d004/2022/1kv/kv_vopr4.csv,d004,2022,kv_vopr4,2583,8,2594,8,cart,105575
d004/2022/1kv/kv_vopr5.csv,d004,2022,kv_vopr5,4361,8,4452,8,cart,174656
d004/2022/1kv/kv_vopr6.csv,d004,2022,kv_vopr6,39345,10,39269,10,cart,1697273
d004/2022/1kv/kv_vopr7.csv,d004,2022,kv_vopr7,15010,8,15118,8,cart,617120
d004/2022/1kv/kv_vopr9.csv,d004,2022,kv_vopr9,52913,19,52558,19,cart,3023552
d004/2022/2kv/kv_vopr0.csv,d004,2022,kv_vopr0,12000,6,12000,6,cart,312028
d004/2022/2kv/kv_vopr1.csv,d004,2022,kv_vopr1,274264,9,274456,9,cart,11231857
d004/2022/2kv/kv_vopr10.csv,d004,2022,kv_vopr10,9821,11,9975,11,cart,488065
d004/2022/2kv/kv_vopr11.csv,d004,2022,kv_vopr11,25130,33,25018,33,cart,2345660
d004/2022/2kv/kv_vopr12.csv,d004,2022,kv_vopr12,5243,9,5389,9,cart,213810
d004/2022/2kv/kv_vopr2.csv,d004,2022,kv_vopr2,61482,9,62161,9,cart,2624504
d004/2022/2kv/kv_vopr3.csv,d004,2022,kv_vopr3,27272,8,27271,8,cart,1130579
d004/2022/2kv/kv_vopr4.csv,d004,2022,kv_vopr4,2190,8,2222,8,cart,89682
d004/2022/2kv/kv_vopr5.csv,d004,2022,kv_vopr5,5146,8,5009,8,cart,207352
d004/2022/2kv/kv_vopr6.csv,d004,2022,kv_vopr6,40721,10,41121,10,cart,1756276
d004/2022/2kv/kv_vopr7.csv,d004,2022,kv_vopr7,15382,8,15371,8,cart,632633
d004/2022/2kv/kv_vopr9.csv,d004,2022,kv_vopr9,60299,19,60179,19,cart,3503647
d004/2022/3kv/kv_vopr0.csv,d004,2022,kv_vopr0,12000,6,12000,6,cart,312028
d004/2022/3kv/kv_vopr1.csv,d004,2022,kv_vopr1,297560,8,296691,8,cart,11900309
d004/2022/3kv/kv_vopr10.csv,d004,2022,kv_vopr10,15783,11,16038,11,cart,787894
d004/2022/3kv/kv_vopr11.csv,d004,2022,kv_vopr11,25088,33,24921,33,cart,2345972
d004/2022/3kv/kv_vopr12.csv,d004,2022,kv_vopr12,6366,9,6518,9,cart,246547
d004/2022/3kv/kv_vopr2.csv,d004,2022,kv_vopr2,58844,9,59018,9,cart,2527019
d004/2022/3kv/kv_vopr3.csv,d004,2022,kv_vopr3,26662,8,26732,8,cart,1106050
d004/2022/3kv/kv_vopr4.csv,d004,2022,kv_vopr4,2163,8,2189,8,cart,89261
d004/2022/3kv/kv_vopr5.csv,d004,2022,kv_vopr5,4693,8,4801,8,cart,188650
d004/2022/3kv/kv_vopr6.csv,d004,2022,kv_vopr6,46226,10,46557,10,cart,1953892
d004/2022/3kv/kv_vopr7.csv,d004,2022,kv_vopr7,15607,8,15626,8,cart,642206
d004/2022/3kv/kv_vopr9.csv,d004,2022,kv_vopr9,70719,19,70545,19,cart,4313680
d004/2022/4kv/kv_vopr0.csv,d004,2022,kv_vopr0,12000,6,12000,6,cart,312028
d004/2022/4kv/kv_vopr1.csv,d004,2022,kv_vopr1,262008,9,262549,9,cart,10748630
d004/2022/4kv/kv_vopr10.csv,d004,2022,kv_vopr10,8501,11,8920,11,cart,419862
d004/2022/4kv/kv_vopr11.csv,d004,2022,kv_vopr11,25045,33,24859,33,cart,2340942
d004/2022/4kv/kv_vopr12.csv,d004,2022,kv_vopr12,4937,9,4909,9,cart,200959
d004/2022/4kv/kv_vopr2.csv,d004,2022,kv_vopr2,63636,9,63910,9,cart,2720184
d004/2022/4kv/kv_vopr3.csv,d004,2022,kv_vopr3,26760,8,26901,8,cart,1110047
d004/2022/4kv/kv_vopr4.csv,d004,2022,kv_vopr4,2369,8,2436,8,cart,96777
d004/2022/4kv/kv_vopr5.csv,d004,2022,kv_vopr5,4350,8,4538,8,cart,174851
d004/2022/4kv/kv_vopr6.csv,d004,2022,kv_vopr6,40246,10,40986,10,cart,1734862
d004/2022/4kv/kv_vopr7.csv,d004,2022,kv_vopr7,15263,8,15401,8,cart,628267
d004/2022/4kv/kv_vopr9.csv,d004,2022,kv_vopr9,52967,19,52993,19,cart,3033616
d004/2023/1kv/kv_vopr0.csv,d004,2023,kv_vopr0,12000,6,12000,6,cart,312028
d004/2023/1kv/kv_vopr1.csv,d004,2023,kv_vopr1,267827,10,268456,10,cart,11519551
d004/2023/1kv/kv_vopr10.csv,d004,2023,kv_vopr10,7556,11,7441,11,cart,372820
d004/2023/1kv/kv_vopr11.csv,d004,2023,kv_vopr11,24831,33,24716,33,cart,2302443
d004/2023/1kv/kv_vopr12.csv,d004,2023,kv_vopr12,6063,9,6120,9,cart,242349
d004/2023/1kv/kv_vopr2.csv,d004,2023,kv_vopr2,64324,9,64831,9,cart,2746879
d004/2023/1kv/kv_vopr3.csv,d004,2023,kv_vopr3,27403,8,27387,8,cart,1137596
d004/2023/1kv/kv_vopr4.csv,d004,2023,kv_vopr4,3018,8,2982,8,cart,123167
d004/2023/1kv/kv_vopr5.csv,d004,2023,kv_vopr5,4398,8,4516,8,cart,177017
d004/2023/1kv/kv_vopr6.csv,d004,2023,kv_vopr6,42121,10,42273,10,cart,1813007
d004/2023/1kv/kv_vopr7.csv,d004,2023,kv_vopr7,15573,8,15758,8,cart,641188
d004/2023/1kv/kv_vopr9.csv,d004,2023,kv_vopr9,50314,19,50403,19,cart,2769428
d004/2023/2kv/kv_vopr0.csv,d004,2023,kv_vopr0,12000,6,12000,6,cart,312028
d004/2023/2kv/kv_vopr1.csv,d004,2023,kv_vopr1,267699,10,268075,10,cart,11519366
d004/2023/2kv/kv_vopr10.csv,d004,2023,kv_vopr10,9407,11,9494,11,cart,468258
d004/2023/2kv/kv_vopr11.csv,d004,2023,kv_vopr11,25011,33,24948,33,cart,2340612
d004/2023/2kv/kv_vopr12.csv,d004,2023,kv_vopr12,5962,9,5854,9,cart,238966
d004/2023/2kv/kv_vopr2.csv,d004,2023,kv_vopr2,62744,9,62948,9,cart,2673679
d004/2023/2kv/kv_vopr3.csv,d004,2023,kv_vopr3,26927,8,26867,8,cart,1118197
d004/2023/2kv/kv_vopr4.csv,d004,2023,kv_vopr4,2611,8,2578,8,cart,106882
d004/2023/2kv/kv_vopr5.csv,d004,2023,kv_vopr5,4554,8,4733,8,cart,183889
d004/2023/2kv/kv_vopr6.csv,d004,2023,kv_vopr6,42588,10,42729,10,cart,1840210
d004/2023/2kv/kv_vopr7.csv,d004,2023,kv_vopr7,15848,8,16117,8,cart,652969
d004/2023/2kv/kv_vopr9.csv,d004,2023,kv_vopr9,56560,19,56781,19,cart,3227883
d004/2023/3kv/kv_vopr0.csv,d004,2023,kv_vopr0,12000,6,12000,6,cart,312028
d004/2023/3kv/kv_vopr1.csv,d004,2023,kv_vopr1,298072,10,297502,10,cart,12826376
d004/2023/3kv/kv_vopr10.csv,d004,2023,kv_vopr10,16094,11,16309,11,cart,804721
d004/2023/3kv/kv_vopr11.csv,d004,2023,kv_vopr11,24835,33,24791,33,cart,2326982
d004/2023/3kv/kv_vopr12.csv,d004,2023,kv_vopr12,5893,9,6043,9,cart,237553
d004/2023/3kv/kv_vopr2.csv,d004,2023,kv_vopr2,58679,9,58739,9,cart,2515204
d004/2023/3kv/kv_vopr3.csv,d004,2023,kv_vopr3,26506,8,26509,8,cart,1101296
d004/2023/3kv/kv_vopr4.csv,d004,2023,kv_vopr4,2540,8,2576,8,cart,104293
d004/2023/3kv/kv_vopr5.csv,d004,2023,kv_vopr5,4792,8,4830,8,cart,193617
d004/2023/3kv/kv_vopr6.csv,d004,2023,kv_vopr6,48622,10,49195,10,cart,2066229
d004/2023/3kv/kv_vopr7.csv,d004,2023,kv_vopr7,16583,8,16843,8,cart,682744
d004/2023/3kv/kv_vopr9.csv,d004,2023,kv_vopr9,66075,19,66324,19,cart,4047507
d004/2023/4kv/kv_vopr0.csv,d004,2023,kv_vopr0,12000,6,12000,6,cart,312028
d004/2023/4kv/kv_vopr1.csv,d004,2023,kv_vopr1,265988,9,266351,9,cart,11185151
d004/2023/4kv/kv_vopr10.csv,d004,2023,kv_vopr10,9078,12,9298,12,cart,485012
d004/2023/4kv/kv_vopr11.csv,d004,2023,kv_vopr11,24752,33,24687,33,cart,2319648
d004/2023/4kv/kv_vopr12.csv,d004,2023,kv_vopr12,5657,12,5769,12,cart,267799
d004/2023/4kv/kv_vopr2.csv,d004,2023,kv_vopr2,63803,9,63810,9,cart,2721490
d004/2023/4kv/kv_vopr3.csv,d004,2023,kv_vopr3,26110,8,26171,8,cart,1085202
d004/2023/4kv/kv_vopr4.csv,d004,2023,kv_vopr4,2585,8,2751,8,cart,105790
d004/2023/4kv/kv_vopr5.csv,d004,2023,kv_vopr5,4325,8,4404,8,cart,174567
d004/2023/4kv/kv_vopr6.csv,d004,2023,kv_vopr6,42837,9,43160,9,cart,1779692
d004/2023/4kv/kv_vopr7.csv,d004,2023,kv_vopr7,16154,8,16190,8,cart,665451
d004/2023/4kv/kv_vopr9.csv,d004,2023,kv_vopr9,51249,20,51949,20,cart,3068658
d004/2024/1kv/kv_vopr0.csv,d004,2024,kv_vopr0,12000,6,12000,6,cart,312028
d004/2024/1kv/kv_vopr1.csv,d004,2024,kv_vopr1,269130,10,268060,10,cart,11582199
d004/2024/1kv/kv_vopr10.csv,d004,2024,kv_vopr10,8107,12,7944,12,cart,432581
d004/2024/1kv/kv_vopr11.csv,d004,2024,kv_vopr11,24535,33,24580,33,cart,2283047
d004/2024/1kv/kv_vopr12.csv,d004,2024,kv_vopr12,6882,12,6589,12,cart,325707
d004/2024/1kv/kv_vopr2.csv,d004,2024,kv_vopr2,65466,9,65493,9,cart,2792009
d004/2024/1kv/kv_vopr3.csv,d004,2024,kv_vopr3,26191,8,26242,8,cart,1089674
d004/2024/1kv/kv_vopr4.csv,d004,2024,kv_vopr4,2843,8,2807,8,cart,116885
d004/2024/1kv/kv_vopr5.csv,d004,2024,kv_vopr5,4511,8,4529,8,cart,181790
d004/2024/1kv/kv_vopr6.csv,d004,2024,kv_vopr6,44054,10,44217,10,cart,1896902
d004/2024/1kv/kv_vopr7.csv,d004,2024,kv_vopr7,16355,8,16342,8,cart,673690
d004/2024/1kv/kv_vopr9.csv,d004,2024,kv_vopr9,50165,20,50146,20,cart,2945553
d004/2024/2kv/kv_vopr0.csv,d004,2024,kv_vopr0,12000,6,12000,6,cart,312028
d004/2024/2kv/kv_vopr1.csv,d004,2024,kv_vopr1,267326,10,268700,10,cart,11506048
d004/2024/2kv/kv_vopr10.csv,d004,2024,kv_vopr10,9634,12,9509,12,cart,519070
d004/2024/2kv/kv_vopr11.csv,d004,2024,kv_vopr11,24513,33,24626,33,cart,2298830
d004/2024/2kv/kv_vopr12.csv,d004,2024,kv_vopr12,6330,12,6269,12,cart,301260
d004/2024/2kv/kv_vopr2.csv,d004,2024,kv_vopr2,62559,9,62585,9,cart,2663599
d004/2024/2kv/kv_vopr3.csv,d004,2024,kv_vopr3,25476,8,25544,8,cart,1059985
d004/2024/2kv/kv_vopr4.csv,d004,2024,kv_vopr4,2490,8,2531,8,cart,102496
d004/2024/2kv/kv_vopr5.csv,d004,2024,kv_vopr5,4673,8,4760,8,cart,188316
d004/2024/2kv/kv_vopr6.csv,d004,2024,kv_vopr6,44266,10,44716,10,cart,1910607
d004/2024/2kv/kv_vopr7.csv,d004,2024,kv_vopr7,16645,8,16706,8,cart,685684
d004/2024/2kv/kv_vopr9.csv,d004,2024,kv_vopr9,56682,20,57269,20,cart,3423325
d004/2024/3kv/kv_vopr0.csv,d004,2024,kv_vopr0,12000,6,12000,6,cart,312028
d004/2024/3kv/kv_vopr1.csv,d004,2024,kv_vopr1,294179,10,295160,10,cart,12665409
d004/2024/3kv/kv_vopr10.csv,d004,2024,kv_vopr10,14444,12,14711,12,cart,779928
d004/2024/3kv/kv_vopr11.csv,d004,2024,kv_vopr11,24387,33,24492,33,cart,2289905
d004/2024/3kv/kv_vopr12.csv,d004,2024,kv_vopr12,6131,12,6038,12,cart,290455
d004/2024/3kv/kv_vopr2.csv,d004,2024,kv_vopr2,58974,9,59012,9,cart,2529528
d004/2024/3kv/kv_vopr3.csv,d004,2024,kv_vopr3,25350,8,25394,8,cart,1054678
d004/2024/3kv/kv_vopr4.csv,d004,2024,kv_vopr4,2261,8,2371,8,cart,93339
d004/2024/3kv/kv_vopr5.csv,d004,2024,kv_vopr5,4295,8,4257,8,cart,173406
d004/2024/3kv/kv_vopr6.csv,d004,2024,kv_vopr6,46988,10,47474,10,cart,2007125
d004/2024/3kv/kv_vopr7.csv,d004,2024,kv_vopr7,16576,8,16634,8,cart,683241
d004/2024/3kv/kv_vopr9.csv,d004,2024,kv_vopr9,64524,20,64696,20,cart,4075829
d004/2024/4kv/kv_vopr0.csv,d004,2024,kv_vopr0,12000,6,12000,6,cart,312028
d004/2024/4kv/kv_vopr1.csv,d004,2024,kv_vopr1,264416,10,265986,10,cart,11392253
d004/2024/4kv/kv_vopr10.csv,d004,2024,kv_vopr10,8303,12,8434,12,cart,443414
d004/2024/4kv/kv_vopr11.csv,d004,2024,kv_vopr11,24427,33,24523,33,cart,2292321
d004/2024/4kv/kv_vopr12.csv,d004,2024,kv_vopr12,5611,12,5629,12,cart,267374
d004/2024/4kv/kv_vopr2.csv,d004,2024,kv_vopr2,64421,9,64471,9,cart,2751431
d004/2024/4kv/kv_vopr3.csv,d004,2024,kv_vopr3,24647,8,24808,8,cart,1026015
d004/2024/4kv/kv_vopr4.csv,d004,2024,kv_vopr4,2586,8,2663,8,cart,106519
d004/2024/4kv/kv_vopr5.csv,d004,2024,kv_vopr5,4163,8,4247,8,cart,168009
d004/2024/4kv/kv_vopr6.csv,d004,2024,kv_vopr6,43394,10,43995,10,cart,1875370
d004/2024/4kv/kv_vopr7.csv,d004,2024,kv_vopr7,16132,8,16130,8,cart,665325
d004/2024/4kv/kv_vopr9.csv,d004,2024,kv_vopr9,49340,20,50330,20,cart,2891964
d006/2021/rio.csv,d006,2021,rio,11636,247,11668,247,cart,4020676
d006/2022/rio2022.csv,d006,2022,rio2022,11744,247,11727,247,cart,4040199
d006/2023/rio2023.csv,d006,2023,rio2023,11659,247,11681,247,cart,3999917
d006/2024/rio_2024.csv,d006,2024,rio_2024,11704,247,11713,247,cart,4036007
d008/2021/kontr_k.csv,d008,2021,kontr_k,41868,29,42275,29,cart,2633057
d008/2022/kontr_k.csv,d008,2022,kontr_k,42681,31,42387,31,cart,3024689
d008/2023/kontr_k.csv,d008,2023,kontr_k,42689,31,42466,31,cart,2985466
d008/2024/kontr_k.csv,d008,2024,kontr_k,41821,35,41880,35,cart,3223088
t001/2021/2021.csv,t001,2021,2021,472456,39,472456,152,D2021_cart_mb25_w39,39540451
t001/2022/baza.csv,t001,2022,baza,467667,40,467667,166,D2022_cart_mb25_w40,40519465
t001/2023/baza.csv,t001,2023,baza,475635,40,475635,165,D2023_cart_mb25_w40,40480663
t001/2024/baza.csv,t001,2024,baza,469352,40,469352,166,D_cart_mb25_w40,39881581
